{
  "titleId": "PPSA28921",
  "conceptId": "10014455",
  "versionFileUri": "https://agst.prod.dl.playstation.net/agst/prod/00/sp-int/PPSA28921_00/1bea679c-6cc9-43d7-9cd4-79eae2333529-version.xml",
  "contentBadgeType": 1,
  "ageLevel": {
    "DE": 12,
    "HK": 7,
    "TW": 15,
    "PT": 7,
    "HN": 13,
    "DK": 7,
    "LU": 7,
    "PY": 13,
    "HR": 7,
    "UA": 7,
    "HU": 7,
    "QA": 7,
    "ID": 7,
    "IE": 7,
    "EC": 13,
    "US": 13,
    "IL": 7,
    "AE": 7,
    "UY": 13,
    "IN": 7,
    "MT": 7,
    "ZA": 7,
    "IS": 7,
    "IT": 7,
    "MX": 13,
    "MY": 7,
    "ES": 7,
    "AR": 13,
    "AT": 7,
    "AU": 8,
    "NI": 13,
    "RO": 7,
    "NL": 7,
    "NO": 7,
    "BE": 7,
    "FI": 7,
    "RU": 16,
    "BG": 7,
    "BH": 7,
    "JP": 7,
    "FR": 7,
    "NZ": 8,
    "BO": 13,
    "SA": 7,
    "BR": 10,
    "SE": 7,
    "default": 16,
    "SG": 7,
    "SI": 7,
    "SK": 7,
    "GB": 7,
    "CA": 13,
    "OM": 7,
    "SV": 13,
    "CH": 7,
    "KR": 6,
    "CL": 13,
    "GR": 7,
    "CO": 13,
    "KW": 7,
    "GT": 13,
    "CR": 13,
    "PA": 13,
    "TH": 7,
    "PE": 13,
    "CY": 7,
    "LB": 7,
    "CZ": 7,
    "PL": 7,
    "TR": 7
  }
}